{
  "clf": {
    "bias": -1.2667112909688898,
    "weights": [
      0.8463764529989726,
      0.3032069195710389,
      0.02176221477662943,
      0.36407798963245613,
      0.014381905377966351
    ]
  },
  "feature_names": [
    "cvss",
    "epss",
    "epss_percentile",
    "cwe_count",
    "age_days_norm"
  ],
  "scaler": {
    "mean": [
      5.523222222222222,
      0.137872,
      0.41983244444444445,
      1.5122222222222221,
      0.48868819541728636
    ],
    "std": [
      2.5567089643514493,
      0.10073819674118982,
      0.14106371039995536,
      1.1405970929276743,
      0.28801823425743917
    ]
  }
}
